INSERT INTO user(id, email, username, password, active, account_creation_time, account_creation_date, user_roles,
                 image_name)
values (1, 'admin@admin.com', 'admin', '$2a$10$OT07oJXozePV/DjtjBUPxOkCpWcYs9UcCnQUbEzb.6k8TC568qp7i', true, '10:12:12', '2022-01-01', 'ADMIN', 'admin.jpg'),
       (2, 'user@user.com', 'user', '$2a$10$.xVn1nlHBVb0YKSkEmdMYOFQAAW1you99ElCrf4kZx35ghp9CT6CW', true, '10:12:12', '2022-01-01', 'USER', 'user.jpg'),
       (3, 'test@test.com', 'test', '$2a$10$dfA2xjjoQNeQI3vxKEw1KeMeaEmFlfhPUnsXRTLpxGQZyEQZFt6vG', false, '10:12:12', '2022-01-01', 'USER', 'testuser.jpg');

INSERT INTO game(id, game_title, description, review_time, review_date, review_author, rating, image_name)
values (1, 'High on Life', 'High on Life jest FPS-em wypełnionym po brzegi absurdalnym humorem. To ostatnie nie dziwi, biorąc pod uwagę fakt, że za jego opracowaniem stoi studio Squanch Games, czyli zespół, którego współzałożycielem był Justin Roiland – współtwórca popularnego serialu animowanego pod tytułem Rick i Morty. <br><br><b>Fabuła</b><br> Ziemia została najechana przez obcych z kartelu G3, którzy wykorzystują ludzi jako narkotyki. Głównym bohaterem gry jest świeżo upieczony absolwent liceum, pozbawiony ambicji i planów na przyszłość. Niespodziewanie protagonista zostaje galaktycznym łowcą nagród, a na jego barkach ląduje zadanie powstrzymania najeźdźców dowodzonych przez złowrogiego Garmantuousa. Nasz heros z przypadku nie jest przy tym sam, gdyż nieustannie towarzyszą mu jego giwery i broń biała, które są inteligentnymi i bardzo gadatliwymi formami życia – Gatlianami. Poszczególne narzędzia mordu mają własną osobowość i aktywnie uczestniczą w rozwoju fabuły, prowadząc konwersacje w imieniu niemego protagonisty, komentując jego akcje, a także udzielając mu podpowiedzi (zwłaszcza podczas walk).<br><p style="text-align:right;"><i>Źródło: https://www.gry-online.pl/gry/high-on-life/z36364</i></p>', '12:10:01', '2023-01-02', 'admin', 75, 'high-on-life.jpg'),
       (2, 'Medieval Dynasty', '<b>Medieval Dynasty</b> to mieszanka symulatorów życia z serii Dynasty z RPG oraz survivalem od polskiego studia Render Cube. Zaczynamy jako skromny łowca w czasach średniowiecza starający się przetrwać w dzikiej głuszy, by z czasem założyć własne miasto. Medieval Dynasty to intrygująca gra z pogranicza RPG akcji i symulatora życia z elementami survivalu oraz strategii, stworzona przez polskie studio Render Cube. Jest to druga produkcja łódzkiego zespołu i zgoła odmienna od jego debiutanckiego projektu: wyścigów gokartów Monster League z 2018 roku. Tym razem Polacy stworzyli realistyczną grę osadzoną w średniowieczu, trochę przypominającą czeskie Kingdom Come: Deliverance. Tytuł jest też kolejną odsłoną cyklu Dynasty firmy Toplitz Productions, aczkolwiek wyraźnie odmienną od swoich poprzedników.<br><br><b>Fabuła</b><br>Głównym bohaterem jest osiemnastoletni chłop, który po śmierci rodziców opuszcza rodzinny dom, aby znaleźć pracę i wejść w dorosłość. Protagonista liczy na pomoc doświadczonego wuja, niestety okazuje się, że krewny nie żyje już od jakiegoś czasu. Dzięki pomocy lokalnego kasztelana młodzieniec otrzymuje kawałek ziemi i postanawia sam zadbać o swoją przyszłość, mając ambitny plan założenia własnej osady i zdobycia renomy w okolicy. Przy okazji pozna też tajemniczą przeszłość swojego wuja.<br><p style="text-align:right;"><i>Źródło: https://www.gry-online.pl/gry/medieval-dynasty/z05b63</i></p>', '12:10:02', '2023-01-03', 'admin', 65, 'medieval.jpg'),
       (3, 'Wiedźmin 3: Dziki Gon - Edycja Kompletna [next-gen update]', 'Nie od dziś wiadomo, że konsolowa edycja Wiedźmina 3 borykała się z pewnymi problemami z wydajnością, co poprawiono oczywiście licznymi aktualizacjami, ale wciąż przez blisko 7 lat definitywnie najlepszą opcją dla płynnej rozgrywki w przygody Geralta z Rivii był typowy pecet. Dziś ma się to jednak zmienić, albowiem next-genowa aktualizacja gry CDP Red na PlayStation 5 oraz Xbox Series X|S ma zrównać konsolową edycję z tą na PC, która też doczekała się lekkiego liftingu.<br>Główną atrakcją nowej wersji kultowego Wiedźmina 3: Dziki Gon miała być oczywiście ulepszona grafika - tyczy się to nie tylko takich drobnostek jak podbicie rozdzielczości, ale na potrzeby tej wersji przygotowano nowe tekstury, poprawiono modele, dopieszczono efekty, no i oczywiście dopracowano optymalizację kodu. No i nie owijając w bawełnę, po wielkich obietnicach mamy naprawdę wielkie zmiany. Gołym okiem widać, że studio włożyło sporo serca i pracy w to, aby kultowy Wiesiek wyglądał lepiej niż kiedykolwiek i choć naprawdę ciężko to opisać słowami, bo naprawdę trzeba to zobaczyć, czuć ten powiew nowej jakości.<br>Najprościej można to chyba ująć jednak tak, że Wiedźmin 3: Dziki Gon w końcu wygląda tak jak miał wyglądać od początku - przed niesławnym downgradem względem wersji przedpremierowych. W galerii naszych screenów zobaczycie o co chodzi. Graficy dali popis świetnych umiejętności i naprawdę należą im się za to solidne brawa oraz premie. Z racji tego, że tytuł ogrywałem na PlayStation 5, miałem też okazję sprawdzić jak sprawuje się DualSense, który co prawda jakoś tam wspierany jest, ale moim zdaniem raczej dość miernie - niby czuć ten opór triggerów, niby wibracje czuć. Ale nie daje to efektu "wow" i nie wpływa na wczucie się w zabawę. Znacznie ważniejsze do omówienia są jednak dwa tryby graficzne, które dla konsolowych graczy mają chyba kluczowe znaczenie.<br><p style="text-align:right;"><i>Źródło: https://https://www.ppe.pl/recenzje/310320/wiedzmin-3-dziki-gon-edycja-kompletna-recenzja-gry-geralt-rozpycha-sie-na-next-genach.html</i></p>', '17:15:22', '2023-01-03', 'admin', 80, 'wiedzmin3.jpg'),
       (4, 'The Callisto Protocol', 'Od pierwszego, przerażającego zwiastuna premierowa gra Striking Distance Studios była określana jako „duchowy następca serii Dead Space”. Nie jest to jednak prawda, bo Glen Schofield zebrał grupę doświadczonych deweloperów, by zrobić coś więcej. Jaki jest i co oferuje <b>The Callisto Protocol</b>?<br>Na przestrzeni dwóch miesięcy będziemy świadkami dwóch znaczących premier dla entuzjastów przerażających gier. Dzisiaj debiutuje The Callisto Protocol, czyli produkcja stworzona przez doświadczonych deweloperów i ojców sukcesu serii Dead Space, a już pod koniec stycznia dojdzie do debiutu odświeżonej przygody Isaaca Clarkea. Glen Schofield w zgrabny sposób korzysta ze swojego dorobku, ale pierwsza produkcja Striking Distance Studios to duży problem dla Electronic Arts oraz studia Motive.<br>Akcja recenzowanego The Callisto Protocol została umiejscowiona w 2320 roku, gdy ludzkość swobodnie podróżuje od planety do planety, a gracze mają okazję wcielić się w kosmicznego dostawcę. Jacob Lee zajmuje się przewożeniem zamówionych towarów, więc podróżuje pomiędzy gigantycznymi odległościami, ale jedno ze zleceń zostaje zakłócone przez niespodziewany atak. Zamiast spokojnego lądowania na księżycu Jowisza – tytułowym Callisto – na statku pojawia się uzbrojona grupa, a akcja kończy się widowiskowymi problemami. Maszyna rozbija się o planetę, a po chwili na miejscu pojawia się uzbrojony oddział, który... przewozi aktorów tego wydarzenia do Black Iron – tę dźwięczną nazwę nosi więzienie umiejscowione na Callisto.<br>Jacob próbuje tłumaczyć sytuację, jednak zostaje zatrzymany, siłą doprowadzony do celi i tak rozpoczyna się produkcja Striking Distance Studios. Jacoba tak naprawdę nikt nie słucha, a gdy po chwili budzi się w osamotnionym pokoju, dostrzega, że ma znacznie większy problem niż odsiadka. Black Iron to zakład karny o zaostrzonym rygorze, w którym kary odsiadują niebezpieczni kryminaliści, ale okazuje się, że przestępcy zaczynają się... zmieniać. Słowo więzienie w The Callisto Protocol nabiera nowego wymiaru, ponieważ główny bohater orientuje się, że musi uciekać – na każdym kroku panoszą się potwory, które dosłownie przejęły miejscówkę i zaczynają wybijać każdego kolejnego więźnia.<br><p style="text-align:right;"><i>Źródło: https://www.ppe.pl/recenzje/309770/the-callisto-protocol-recenzja-gry-dead-space-musi-szykowac-pampersy-nadciaga-prawdziwy-potwor.html</i></p>', '22:55:07', '2023-01-04', 'admin', 70, 'callisto.jpg'),
       (5, 'Blacktail', '<b>Blacktail</b> jest niczym innym, a origin story Baby Jagi, znanej każdemu w Polsce czarownicy mieszkającej w chatce na kurzej łapie pośrodku lasu, która ma zamiłowanie do zjadania niegrzecznych dzieci zapuszczających się w gęstwiny bez wiedzy rodziców. Zanim jednak Jaga stała się jędzą, którą jest po dziś dzień, była zwykłą słowiańską dziewczyną. Choć „zwykłą” to może o słowo za dużo, bo już w młodym wieku oskarżono ją o paranie się czarami i konszachty z siłami ciemności. Z tego powodu została wyrzutkiem i zaczęła dziwnie się zachowywać, wpadając w samospełniającą się przepowiednię. W Jagę wcielamy się w momencie, gdy ta została wygnana z wioski, słyszy tajemnicze głosy w głowie i zakłada maskę, która daje jej moce. W dalszych etapach gry dowiadujemy się, że to wygnanie miało o wiele większe i mroczniejsze przyczyny, niż uprzedzenia wioskowych.<br>Po założeniu maski i znalezieniu chatki na kurzej łapie, Jaga wiedziona okruszkami ciasta zapuszcza się w bajkowy i mroczny zarazem świat. Blacktail to fenomenalne przedstawienie słowiańskich wierzeń podawanych we własnej interpretacji autorów. Pod pewnymi względami przypomina to American McGee’s Alice. Wszystko jest tu piękne i dziwne zarazem, za czym niech poświadczy fakt, że jednymi z pierwszych NPC w grze jest grupka gadających grzybów, a później wcale nie robi się normalniej. To nie jest przedstawienie ludowości z Wiedźmina 3, a bardziej jazda bez trzymanki po srogich używkach. Dzięki autorskiemu sznytowi producentów ze studia The Parasight atmosfera jest nam bliska, ale jednocześnie zawsze odkrywamy w niej coś nowego lub nietypowo pomyślanego. Np. jedną ze znajdziek są boboki, które po strąceniu mówią po polsku, mimo że cała gra ma angielskie głosy!<br>A kwintesencją tego jest oprawa graficzna. Często zdarza mi się pomijać ten aspekt gier w recenzjach, ale tutaj byłoby to grzechem, gdyż Blacktail wygląda cudownie. Wystarczy popatrzeć na screeny lub nagrania, ale gwarantuję wam, że w ruchu wygląda to jeszcze lepiej. Wszystko jest tu plastyczne i bogato zdobione. Czuć, że każdy skrawek mapy był robione ręcznie i dopieszczany. To nie byle wrzutka z generatora i naprawdę artyści środowiskowi i level designerzy spisali się na medal. Już chodzenie w przyziemnych lokacjach cieszy oko, bo wszędzie są dodane detale, np. skały w formie królików, ale autorzy zadbali też, żeby na horyzoncie zawsze było widać jakieś tajemnicze miejsce, które być może kiedyś odwiedzimy. Przywiązanie do detali nie kończy się na tym co na ziemi, bo są też takie ciekawe sztuczki, jak zrobienie Słońca w formie dwuwymiarowej wycinanki, co przywołuje skojarzenia z książką z bajkami dla dzieci.<br><p style="text-align:right;"><i>Źródło: https://gamerweb.pl/recenzja-blacktail-swietna-gra-ktora-odbierze-wam-zycia-smak/</i></p>', '10:10:33', '2023-01-05', 'admin', 65, 'blacktail.jpg'),
       (6, 'Evil West', 'Gry o dzikim zachodzie mają się ostatnio całkiem dobrze. Zwłaszcza te mieszające klimaty rewolwerowców z horrorem. Teraz do grona produkcji wpisujących się w ramy gatunku znanego jako weird west dołącza kolejna polska produkcja. Czy Evil West zasługuje na miano hitu?<br>Evil West to trzecia po Shadow Warrior 3 i Trek to Yomi gra rodzimego studia Flying Wild Hog, która trafia na konsole i komputery w ostatnich miesiącach. Nowa produkcja to gra akcji z perspektywy trzeciej osoby, gdzie na dzikim zachodzie mierzymy się z mrocznymi siłami armii wampirów. Tytuł kojarzył mi się trochę z naprawdę przyjemnym Darkwatch: Curse of the West, które także oferowało podobne połączenie.<br>Bohaterem gry jest Jesse Rentier. Twardy i doświadczony kowboj należy do rodu specjalizującego się w eksterminacji wampirów. Mężczyzna działa w organizacji noszącej jego nazwisko i wykonuje misje dla amerykańskiego rządu. Sytuacja bohatera zmienia się w chwili, gdy krwiopijcy przechodzą do ofensywy i atakują bazę organizacji. Jesse wraz z niedobitkami muszą przegrupować siły i zmierzyć się z największym zagrożeniem w swojej karierze. Okazuje się bowiem, że pewna sekta wampirów odkryła pradawny sekret dający im niezwykłą moc.<br>Niestety fabuła Evil West nie powala. Nie jest tragicznie, ale czeka nas dosyć standardowa historyjka z przewidywalnymi zwrotami akcji i nieskomplikowanymi postaciami. Nie ma w tym nic złego. Jednak trochę męczy, że twórcy bombardują nas scenkami przerywnikowymi i pogadankami między bohaterami. Spokojnie można połowę tego wyciąć i gra nic nie straci, jeśli chodzi o historię. Nawet śmiem twierdzić, że wyszłoby to produkcji Flying Wild Hog na dobre.<br><p style="text-align:right;"><i>Źródło: https://gamerweb.pl/recenzja-evil-west/</i></p>', '12:16:56', '2023-01-05', 'admin', 45, 'evil-west.jpg'),
       (7, 'Pentiment', 'Kiedy w 2018 roku Microsoft podjął decyzję o włączeniu Obsidian Entertainment do swojej rodziny, branża spoglądała z zaciekawieniem na ten zakup, zwiastując rychły powrót staroszkolnych gier RPG, w jakich wyspecjalizowała się firma. Od tamtego czasu studio mogące poszczycić się Falloutem New Vegas, Pillars of Eternity lub Neverwinter Nights 2, wypuściło Grounded – survival o zabijaniu owadów w ogrodzie. Ich kolejny produkt to również dowód na to, że pod skrzydłami Microsoftu starają się eksperymentować.<br><b>Pentiment</b> z pozoru jest zwykłą przygodówka point & click, w której jako czeladnik malarstwa będziemy musieli rozwikłać sprawę morderstwa w niemieckim opactwie. Nietypowym elementem dla tego gatunku ma być fakt, że na dalszy plan schodzi tu zbieranie przedmiotów i rozwiązywanie klasycznych łamigłówek. Zamiast tego autorzy z Obsidian obiecują pełnoprawną grę detektywistyczną, w której w celu rozwiązania sprawy będziemy musieli przesłuchiwać przedstawicieli różnych grup społecznych i szukać poukrywanych poszlak.Stwierdzenie “z pozoru”, które padło przed chwilą, nie znalazło się tam jednak przypadkiem. Pentiment na pierwszy rzut oka wydaje się być rasową przygodówką, ale kiedy zaczniemy grać, szybko orientujemy się, że coś tu jest nie tak. Dialogów jakby więcej, zagadek prawie wcale, a akcja toczy się powoli i przez większość czasu śledzimy ją biernie wzrokiem, zamiast w niej uczestniczyć. To bardzo dziwny koncept na grę i gdybym nie wiedział, że odpowiada za nią studio Obsidian, pomyślałbym że to niezależny twór grupki zapalonych studentów.<br>Produkcja ta jest bowiem zamaskowaną visual novelą. Bardziej niż w przygodówkę, gra się w to jak paragrafówkę, w której każdy najmniejszy wybór daje modyfikatory do relacji z postaciami. To właśnie taka gra paragrafowa, tyle że z grafiką i chodzeniem po dwuwymiarowych makietach. Ja wiem, że stwierdzenie “nie dla każdego” jest już mocno wyświechtane i nadużywane przez recenzentów, ale jeśli jakaś gra jest nie dla każdego, to jest nią na pewno Pentiment.<br><p style="text-align:right;"><i>Źródło: https://gamerweb.pl/recenzja-pentiment-sztuka-czytania/</i></p>', '15:18:52', '2023-01-06', 'admin', 50, 'pentiment.jpg');

INSERT INTO news(id, news_title, description, news_time, news_date, news_author, news_image)
values (1, 'Amazon Prime Gaming na styczeń 2023', 'Styczniowa oferta Amazon Prime Gaming jest już dostępna. Abonenci otrzymają dostęp do sześciu gier, w tym polskiego Beat Cop oraz The Evil Within 2.Dzisiaj abonenci Amazon Prime Gaming mogą odebrać sześć kolejnych gier. W noworocznej ofercie jest mocna pozycja – horror The Evil Within 2, znalazło się też miejsce na polski akcent. Wszystkie tytuły są dostępne do odebrania do końca stycznia.<br><b>The Evil Within 2</b> (do pobrania przez GOG) – ciepło przyjęta kontynuacja survival horroru z 2014 roku od studia Tango Gameworks (kierowanego przez ojca serii Resident Evil) i firmy Bethesda Softworks. Wersja PC na Metacriticu ma średnią ocen na poziomie 80%.<br><b>Beat Cop</b> (do pobrania przez GOG) – pixelartowy point-and-click wydany przez polskie 11 bit studios. Fabuła przedstawia losy nowojorskiego policjanta, który poza wykonywaniem swoich obowiązków prowadzi osobiste śledztwo.<br><b>Breathedge</b> – pozycja, która zadowoli fanów gier survivalowych z przymrużeniem oka. Produkcja pozwala przenieść się w kosmos i odbudowywać swoją własną stację kosmiczną.<br><b>Chicken Police: Paint it Red!</b> – niecodzienny tytuł detektywistyczny, w którym główną rolę odgrywają koguty Sonny Featherland i Marty McChicken. Produkcja łączy elementy powieści wizualnych i klasycznych gier przygodowych.<br><b>Faraway 2: Jungle Escape</b> – kolorowa gra z masą zagadek, które gracz musi wykonać, przemierzając kolejne świątynie. Ważnym elementem produkcji jest soundtrack, który ma pomóc w zrelaksowaniu.<br><b>Lawn Mowing Simulator</b> – symulator, w którym za sterami kosiarek znanych producentów przywracamy ład zarośniętemu otoczeniu.<br><p style="text-align:right;"><i>Źródło: https://www.gry-online.pl/newsroom/amazon-prime-gaming-na-styczen-2023-juz-dostepne-z-6-grami/z823c00</i></p>', '12:10:02', '2023-01-02', 'admin', 'prime.jpg'),
       (2, 'Ubisoft+ za 5 zł/miesiąc', 'Trwa promocja na abonament Ubisoft+. Za 5 zł możecie wykupić miesięczny dostęp do usługi, która oferuje gry takie jak Assassin’s Creed: Valhallę czy Far Cry 6.<br>Promocja, w ramach której można było nabyć Assassin’s Creed: Valhallę czy Far Cry 6 za nieco ponad 42 zł, dobiegła dziś końca. Jeśli się na nią nie skusiliście, Ubisoft przygotował kolejną – tym razem na abonament Ubisoft+. Za jedyne 5 zł możecie wykupić miesięczny dostęp do owej usługi, w której zawarto każdą nowożytną grę francuskiej firmy – i to w wersjach ze wszystkimi dodatkami – a także wybór „indyków”. Z oferty skorzystacie, klikając w poniższy przycisk. Następnie należy wybrać opcję „Subscribe now”, a potem „Choose this plan”. W kolejnym kroku trzeba zalogować się na swoje konto Ubisoft i dokonać płatności, np. podpinając kartę debetową lub kredytową. Promocja zakończy się 19 stycznia o godzinie 16:00 czasu polskiego.<br><p style="text-align:right;"><i>Źródło: https://www.gry-online.pl/newsroom/ubisoft-oferuje-miesiac-grania-we-wszystkie-swoje-gry-za-marne-5/z323c56</i></p>', '15:14:03', '2023-01-03', 'admin', 'ubisoft.jpg'),
       (3, 'Hades 2 z wersją PL w planach', 'Dzięki ogłoszeniu o pracę dowiedzieliśmy się, że studio Supergiant Games ma w planach polską wersję językową gry Hades II. Jedną z największych atrakcji zeszłorocznej edycji imprezy The Game Awards okazała się zapowiedź Hades II, czyli kontynuacji wyśmienitej gry akcji studia Supergiant Games z 2020 roku. Teraz dowiedzieliśmy się, że sequel ma zaoferować polską wersję językową. Źródłem jest ogłoszenie o pracę. Studio Supergiant Games szuka dla gry Hades 2 tłumaczy na kilka języków, w tym nasz. Co ważne, polska wersja ma pojawić się już w fazie Early Access; w ogłoszeniu znalazły się informacje, że zatrudniona osoba będzie musiała na bieżąco rozbudowywać i modyfikować lokalizację w trakcie wczesnego dostępu. Plany opracowania tłumaczenia są miłą wiadomością. Po gali The Game Awards karta gry pojawiła się na Steamie, ale tam nadal wymieniony jest jedynie język angielski. Mieliśmy nadzieję na naszą rodzimą wersję językową, gdyż pierwsza część oferowała lokalizację kinową, czyli z polskimi napisami.Przypomnijmy, że na razie zapowiedziano wyłącznie wydanie pecetowe gry Hades II. Produkcja ma zadebiutować we wczesnym dostępie w tym roku. Autorzy mają w planach edycje konsolowe, ale te ukażą się najpewniej dopiero wraz z premierą wydania 1.0 na PC. Obecność polskiej wersji językowej cieszy, gdyż gra zapowiada się na jedną z najlepszych premier tego roku. Pierwsza część okazała się prawdziwą perełką – według serwisu OpenCritic uzyskała średnią ocen na poziomie 94%. Tytuł zachwycił również naszego redaktora, który wystawił mu notę 9.5/10. Ponadto produkcja otrzymała nagrody dla najlepszego tytułu 2020 roku m.in. od gremiów DICE oraz GDC. Z kolei na Steamie aż 98% recenzji użytkowników chwali pierwszą część serii, co kategoryzowane jest jako „przytłaczająco pozytywny” odbiór produkcji.<br><p style="text-align:right;"><i>Źródło: https://www.gry-online.pl/newsroom/hades-2-z-wersja-pl-w-planach-tworcy-szukaja-tlumaczy/z623c59</i></p>', '22:04:33', '2023-01-04', 'admin', 'hades2.jpg'),
       (4, 'Słów kilka o Diablo 4 ze strony Blizzard', '<b>Diablo 4</b> nadchodzi. Znamy datę, wiemy, jak wygląda i jak się w to gra, ale przed premierą jest jeszcze więcej aspektów słynnego ARPG do odkrycia i omówienia. Właśnie o nie wypytaliśmy twórców hack’n’slashowego behemota.<br><b>Diablo 4</b> może być ostatnią szansą dla Blizzarda na odbudowanie reputacji po wszystkich wpadkach. Dlatego też studio wrzuciło najwyższy bieg i z dumą zaprezentowało betę gry. Wraz z wieloma dziennikarzami z całego świata mieliśmy okazję zagrać w wersję demonstracyjną Diablo IV. Gra wymiata, tyle powiem. Po zebraniu naszych myśli wziąłem udział w wywiadzie z Joem Shellym i Rodem Fergussonem, twórcami gry. Wydarzenie to odbyło się online poprzez Zoom w formacie tzw. okrągłego stołu, gdzie kilkunastu dziennikarzy mogło poruszyć kwestie związane z grą. Choć najważniejsze pytanie, dotyczące kultowego sekretu, pozostało bez odpowiedzi, deweloperzy dostarczyli nieco informacji o tym, co czeka graczy w Diablo 4. Wyjaśnili niektóre mechaniki, podzielili się swoimi przemyśleniami na temat tego, co jest ważne dla nas i dla nich oraz jak starają się połączyć w grze najlepsze elementy z poprzednich odsłon cyklu.Dotąd multiplayer i single player w Diablo różniły się tylko poziomem trudności, liczbą graczy na mapie i paroma aktywnościami oraz artefaktami, które mogły znaleźć się w jednym z tych wariantów.<br>Do konstrukcji Diablo 4 twórcy zdają się podchodzić nieco inaczej, stąd też pojawiło się pytanie jednego z obecnych redaktorów. Chciał wiedzieć, jaki będzie balans pomiędzy aktywnościami dla pojedynczego gracza i dla wielu graczy? Spora część fanów Diablo preferuje samotną krucjatę przeciwko siłom ciemności, więc pytanie o to, czy jakaś część zawartości zostanie przeznaczona tylko dla wielu graczy, pozostawało zasadne. Tak jak to, w jakim stopniu multiplayer będzie opcjonalny. Diablo 4 podchodzi do tego w specyficzny sposób, więc ten aspekt wymagał trochę wyjaśnień ze strony twórców.<br><p style="text-align:right;"><i>Źródło: https://www.gry-online.pl/newsroom/diablo-4-to-czas-na-powrot-do-korzeni-nasz-wywiad-z-blizzardem/z023c71</i></p>', '12:16:21', '2023-01-04', 'admin', 'diablo4.jpg'),
       (5, 'Dwie bardzo dobre gry za darmo w Epic Games Store na początek roku', 'Od dziś w Epic Games Store można zdobyć za darmo gry Kerbal Space Program i Shadow Tactics: Blades of the Shogun – Aikos Choice. Poznaliśmy również tytuł, który zostanie udostępniony w przyszłym tygodniu.  Świąteczne rozdawnictwo w Epic Games Store oficjalnie można uznać za zakończone. Do dziś do godziny 17:00 użytkownicy owej platformy mogli odebrać dwie ostatnie gry, a konkretnie Dishonored: Definitive Edition oraz Eximius: Seize the Frontline. Teraz, zgodnie z zapowiedzią, udostępniono dwie kolejne produkcje. Są to Kerbal Space Program i Shadow Tactics: Blades of the Shogun – Aikos Choice. Na ich zgarnięcie macie równo tydzień – z oferty można skorzystać do 12 styczna do godziny 17:00 czasu polskiego. Gry odbierzecie, klikając w poniższe przyciski.Po tym czasie udostępniona zostanie zaś asymetryczna gra sieciowa First Class Trouble.<br><p style="text-align:right;"><i>Źródło: https://www.gry-online.pl/newsroom/kerbal-space-program-i-shadow-tactics-aikos-choice-za-darmo-w-egs/z123c4e</i></p>', '12:25:42', '2023-01-05', 'admin', 'epic.jpg'),
       (6, 'Decyzją sądu CDP będzie musiał sporo zapłacić za stan Cyberpunka 2077', 'Problemów CD Projektu z Cyberpunkiem 2077 ciąg dalszy – sąd w Stanach Zjednoczonych wstępnie zatwierdził ugodę, w ramach której polska firma będzie musiała zapłacić inwestorom 1,85 miliona dolarów.Cyberpunk 2077 otrzymał od społeczności Steama nagrodę gry 2022 roku w kategorii „owoc miłości” – jako produkcja nieporzucona przez twórców, która doczekała się licznych i wiele wnoszących aktualizacji. Studio CD Projekt Red podziękowało fanom, niemniej część graczy kręciła nosem na ten wybór, twierdząc, że deweloper po prostu miał obowiązek „załatać” tę popsutą na premierę produkcję. <br>Narzekający dostali właśnie dodatkowy argument na poparcie swojej tezy. Sąd Okręgowy Stanów Zjednoczonych dla Centralnej Kalifornii wydał bowiem „Postanowienie o wstępnym zatwierdzeniu ugody” w sprawie pozwu inwestorów firmy CD Projekt, złożonego pod koniec grudnia 2020 roku przez kancelarie adwokackie The Schall Law Firm i The Rosen Law Firm. Jeśli nie pamiętacie, przypomnę, że pozew dotyczył kiepskiego stanu technicznego Cyberpunka 2077 na premierę – zwłaszcza na PS4 i Xboxie One. Na konsolach ósmej generacji tytuł był w zasadzie niegrywalny. Mimo to polska firma deklarowała coś zupełnie innego na krótko przed wydaniem produkcji. Reszta jest już historią. Wspomniana ugoda przewiduje, że CD Projekt i jego ubezpieczyciel – firma Colonnade Insurance S.A. – zapłacą powodom 1,85 miliona dolarów, czyli ok. 8,2 mln zł. Ci ostatni mają zaś wycofać wszelkie roszczenia.<br><p style="text-align:right;"><i>Źródło: https://www.gry-online.pl/newsroom/cyberpunk-2077-cd-projekt-zaplaci-za-stan-gry-na-premiere-decyzja/z023c53/</i></p>', '12:59:45', '2023-01-05', 'admin', 'cyberpunk.jpg'),
       (7, 'Wo Long: Fallen Dynasty trafi do Xbox Game Pass', 'Koei Tecmo nawiązało współpracę z Microsoftem, na mocy której najnowsza produkcja Japończyków trafi na Xboksy oraz do Xbox Game Pass. Na Xbox & Bethesda Games Showcase pokazano <b>Wo Long: Fallen Dynasty</b>.<br>Koei Tecmo od lat tworzy gry z serii Dynasty Warriors czy też Samurai Warriors, a w ostatnich latach studio współpracowało z między innymi Nintendo (Fire Emblem, Hyrule Warriors) i Atlusem (Persona 5 Strikers), by opracować dynamiczne RPG, w których gracze mają okazję mierzyć się z setkami wrogów. Na Xbox & Bethesda Games Showcase pokazano kolejną produkcję, dzięki której gracze zawalczą z hordami wrogów.<br>Wo Long: Fallen Dynasty zadebiutuje na początku 2023 roku w Xbox Game Pass.<br><p style="text-align:right;"><i>Źródło: https://www.ppe.pl/news/301531/wo-long-fallen-dynasty-w-xbox-game-pass-gra-koei-tecmo-trafi-na-xboksy.html</i></p>', '12:34:57', '2023-01-06', 'admin', 'wolong.jpg');

INSERT INTO comment(id, username, comment_time, comment_date, comment_content, game_id, news_id)
values (1, 'user', '15:35:02', '2023-01-02', 'LGTM', 1, null),
       (2, 'test', '12:16:42', '2023-01-02', 'Ok xoxo', null, 1),
       (3, 'admin', '23:11:01', '2023-01-03', 'Ja to wykupię!', 2, null),
       (4, 'user', '12:12:03', '2022-01-01', 'Dobry content', null, 1),
       (5, 'test', '12:54:33', '2023-01-06', 'Dobre info', null, 7),
       (6, 'admin', '12:57:57', '2023-01-06', 'Ja złożyłem preorder...', null, 7),
       (7, 'test', '13:30:07', '2023-01-06', 'I po co było tak się śpieszyć?', null, 7),
       (8, 'admin', '14:05:07', '2023-01-06', 'Anuluję xD', null, 7),
       (9, 'test', '15:30:32', '2023-01-06', 'Prawidłowo!', null, 7),
       (10, 'user', '16:46:37', '2023-01-06', 'Cebulaaaa!!', null, 7),
       (11, 'admin', '16:47:57', '2023-01-06', 'Oszczędzanie, a nie cebula!', null, 7),
       (12, 'test', '02:10:02', '2023-01-04', 'Testowy komentarz', 2, null),
       (13, 'admin', '10:11:34', '2023-01-04', 'Testowy komentarz', 2, null),
       (14, 'test', '12:40:37', '2023-01-04', 'Testowy komentarz', 2, null),
       (15, 'user', '13:55:52', '2023-01-04', 'Testowy komentarz', 2, null),
       (16, 'test', '16:17:32', '2023-01-04', 'Testowy komentarz', 2, null),
       (17, 'test', '18:18:52', '2023-01-03', 'Testowy komentarz', 3, null),
       (18, 'user', '10:15:22', '2023-01-04', 'Testowy komentarz', 3, null),
       (19, 'admin', '11:45:32', '2023-01-04', 'Testowy komentarz', 3, null),
       (20, 'user', '12:55:23', '2023-01-05', 'Testowy komentarz', 3, null),
       (21, 'test', '14:17:27', '2023-01-05', 'Testowy komentarz', 3, null),
       (22, 'user', '16:35:36', '2023-01-06', 'Testowy komentarz', 3, null),
       (23, 'test', '21:40:20', '2023-01-03', 'Testowy komentarz', 3, null),
       (24, 'user', '23:05:27', '2023-01-04', 'Testowy komentarz', 4, null),
       (25, 'test', '23:33:02', '2023-01-04', 'Testowy komentarz', 4, null),
       (26, 'user', '20:55:07', '2023-01-05', 'Testowy komentarz', 4, null),
       (27, 'admin', '21:11:27', '2023-01-05', 'Testowy komentarz', 4, null),
       (28, 'user', '12:15:01', '2023-01-06', 'Testowy komentarz', 4, null),
       (29, 'admin', '13:40:32', '2023-01-05', 'Testowy komentarz', 5, null),
       (30, 'user', '15:15:33', '2023-01-05', 'Testowy komentarz', 5, null),
       (31, 'test', '06:10:13', '2023-01-06', 'Testowy komentarz', 5, null),
       (32, 'admin', '13:17:56', '2023-01-05', 'Testowy komentarz', 6, null),
       (33, 'admin', '14:56:33', '2023-01-05', 'Testowy komentarz', 6, null),
       (34, 'user', '17:58:22', '2023-01-06', 'Grałem, mi nie przypadło do gustu', 7, null),
       (35, 'test', '18:32:52', '2023-01-06', 'Podzielam ocenę recenzenta.', 7, null),
       (36, 'user', '22:58:51', '2023-01-06', 'Co kto lubi...', 7, null),
       (37, 'user', '22:59:20', '2023-01-06', 'Mi nie przypadło do gustu', 7, null),
       (38, 'admin', '12:11:58', '2023-01-07', 'Specyficzna gra, ale ma swój klimat', 7, null),
       (39, 'test', '14:18:32', '2023-01-07', 'Mnie nie porwało', 7, null),
       (40, 'admin', '15:33:01', '2023-01-07', 'Ok', 7, null),
       (41, 'user', '14:23:43', '2023-01-05', 'Nikt nie pytał.', null, 5),
       (42, 'test', '15:25:22', '2023-01-05', 'Ok, spoko dla mnie, pobiorę', null, 5),
       (43, 'user', '16:36:52', '2023-01-06', 'Słabooo', null, 6),
       (44, 'test', '18:04:17', '2023-01-06', 'No', null, 6),
       (45, 'admin', '18:04:17', '2023-01-06', 'Zasłużenie!', null, 6);
